"No.","Time","Source","Destination","Protocol","Length","Info"
"3487","182.187688400","::1","::1","MQTT","127","Connect Command"
"3492","182.188786300","::1","::1","MQTT","68","Connect Ack"
"3496","182.191535500","::1","::1","MQTT","100","Publish Message (id=1) [fabrica/maquina01/status]"
"3498","182.191642900","::1","::1","MQTT","68","Publish Ack (id=1)"
"3502","182.192939200","::1","::1","MQTT","220","Publish Message [fabrica/maquina01/temperatura]"
"3507","184.193932700","::1","::1","MQTT","220","Publish Message [fabrica/maquina01/temperatura]"
"3513","186.195592400","::1","::1","MQTT","220","Publish Message [fabrica/maquina01/temperatura]"
"3538","188.196972800","::1","::1","MQTT","220","Publish Message [fabrica/maquina01/temperatura]"
"3548","190.198405100","::1","::1","MQTT","220","Publish Message [fabrica/maquina01/temperatura]"
"3554","192.199672700","::1","::1","MQTT","219","Publish Message [fabrica/maquina01/temperatura]"
"3575","194.200940200","::1","::1","MQTT","220","Publish Message [fabrica/maquina01/temperatura]"
"3602","196.205591300","::1","::1","MQTT","219","Publish Message [fabrica/maquina01/temperatura]"
"3608","198.208364800","::1","::1","MQTT","220","Publish Message [fabrica/maquina01/temperatura]"
"3657","200.209490900","::1","::1","MQTT","220","Publish Message [fabrica/maquina01/temperatura]"
"3680","202.210340500","::1","::1","MQTT","220","Publish Message [fabrica/maquina01/temperatura]"
"3702","204.211449100","::1","::1","MQTT","220","Publish Message [fabrica/maquina01/temperatura]"
"3707","206.212295800","::1","::1","MQTT","220","Publish Message [fabrica/maquina01/temperatura]"
"3713","208.213401200","::1","::1","MQTT","220","Publish Message [fabrica/maquina01/temperatura]"
"3734","210.214309700","::1","::1","MQTT","220","Publish Message [fabrica/maquina01/temperatura]"
"3747","212.221456700","::1","::1","MQTT","220","Publish Message [fabrica/maquina01/temperatura]"
"3769","214.231712500","::1","::1","MQTT","220","Publish Message [fabrica/maquina01/temperatura]"
"3774","216.232939500","::1","::1","MQTT","220","Publish Message [fabrica/maquina01/temperatura]"
"3806","218.233716800","::1","::1","MQTT","220","Publish Message [fabrica/maquina01/temperatura]"
"3827","220.234525700","::1","::1","MQTT","220","Publish Message [fabrica/maquina01/temperatura]"
"3855","222.235233100","::1","::1","MQTT","220","Publish Message [fabrica/maquina01/temperatura]"
"3870","224.236275700","::1","::1","MQTT","220","Publish Message [fabrica/maquina01/temperatura]"
"3894","226.237164500","::1","::1","MQTT","220","Publish Message [fabrica/maquina01/temperatura]"
"3921","228.238266900","::1","::1","MQTT","220","Publish Message [fabrica/maquina01/temperatura]"
"3951","230.240777000","::1","::1","MQTT","219","Publish Message [fabrica/maquina01/temperatura]"
"3958","232.241882300","::1","::1","MQTT","219","Publish Message [fabrica/maquina01/temperatura]"
"3991","234.244576600","::1","::1","MQTT","219","Publish Message [fabrica/maquina01/temperatura]"
"3995","236.245904100","::1","::1","MQTT","220","Publish Message [fabrica/maquina01/temperatura]"
"4000","238.247408400","::1","::1","MQTT","220","Publish Message [fabrica/maquina01/temperatura]"
"4005","240.248365700","::1","::1","MQTT","220","Publish Message [fabrica/maquina01/temperatura]"
"4012","242.250272600","::1","::1","MQTT","220","Publish Message [fabrica/maquina01/temperatura]"
"4016","242.250494300","::1","::1","MQTT","66","Ping Request"
"4018","242.250544200","::1","::1","MQTT","66","Ping Response"
"4023","242.903897300","::1","::1","MQTT","101","Publish Message (id=33) [fabrica/maquina01/status]"
"4025","242.903974000","::1","::1","MQTT","68","Publish Ack (id=33)"
"4031","243.915512100","::1","::1","MQTT","66","Disconnect Req"
"4131","265.146152100","::1","::1","MQTT","127","Connect Command"
"4133","265.146239600","::1","::1","MQTT","68","Connect Ack"
"4140","265.149129000","::1","::1","MQTT","100","Publish Message (id=1) [fabrica/maquina01/status]"
"4142","265.149232800","::1","::1","MQTT","68","Publish Ack (id=1)"
"4146","265.149997800","::1","::1","MQTT","222","Publish Message (id=2) [fabrica/maquina01/temperatura]"
"4148","265.150095100","::1","::1","MQTT","68","Publish Received (id=2)"
"4152","265.150309200","::1","::1","MQTT","68","Publish Release (id=2)"
"4154","265.162225200","::1","::1","MQTT","68","Publish Complete (id=2)"
"4176","267.163642400","::1","::1","MQTT","222","Publish Message (id=3) [fabrica/maquina01/temperatura]"
"4178","267.163817800","::1","::1","MQTT","68","Publish Received (id=3)"
"4182","267.164178100","::1","::1","MQTT","68","Publish Release (id=3)"
"4184","267.164318900","::1","::1","MQTT","68","Publish Complete (id=3)"
"4191","269.424223800","::1","::1","MQTT","222","Publish Message (id=4) [fabrica/maquina01/temperatura]"
"4193","269.424370200","::1","::1","MQTT","68","Publish Received (id=4)"
"4197","269.424726600","::1","::1","MQTT","68","Publish Release (id=4)"
"4199","269.424947900","::1","::1","MQTT","68","Publish Complete (id=4)"
"4222","271.428335200","::1","::1","MQTT","222","Publish Message (id=5) [fabrica/maquina01/temperatura]"
"4224","271.428521200","::1","::1","MQTT","68","Publish Received (id=5)"
"4228","271.428804500","::1","::1","MQTT","68","Publish Release (id=5)"
"4230","271.428929200","::1","::1","MQTT","68","Publish Complete (id=5)"
"4235","274.190852400","::1","::1","MQTT","222","Publish Message (id=6) [fabrica/maquina01/temperatura]"
"4237","274.190943000","::1","::1","MQTT","68","Publish Received (id=6)"
"4241","274.191113400","::1","::1","MQTT","68","Publish Release (id=6)"
"4243","274.191178500","::1","::1","MQTT","68","Publish Complete (id=6)"
"4247","276.192628000","::1","::1","MQTT","222","Publish Message (id=7) [fabrica/maquina01/temperatura]"
"4249","276.192711100","::1","::1","MQTT","68","Publish Received (id=7)"
"4253","276.192878500","::1","::1","MQTT","68","Publish Release (id=7)"
"4255","276.192938700","::1","::1","MQTT","68","Publish Complete (id=7)"
"4262","278.195436200","::1","::1","MQTT","222","Publish Message (id=8) [fabrica/maquina01/temperatura]"
"4264","278.195567200","::1","::1","MQTT","68","Publish Received (id=8)"
"4268","278.195827800","::1","::1","MQTT","68","Publish Release (id=8)"
"4270","278.195896800","::1","::1","MQTT","68","Publish Complete (id=8)"
"4275","280.197154300","::1","::1","MQTT","222","Publish Message (id=9) [fabrica/maquina01/temperatura]"
"4277","280.197255400","::1","::1","MQTT","68","Publish Received (id=9)"
"4281","280.197565400","::1","::1","MQTT","68","Publish Release (id=9)"
"4283","280.197642100","::1","::1","MQTT","68","Publish Complete (id=9)"
"4290","282.199925600","::1","::1","MQTT","222","Publish Message (id=10) [fabrica/maquina01/temperatura]"
"4292","282.200010900","::1","::1","MQTT","68","Publish Received (id=10)"
"4296","282.200442700","::1","::1","MQTT","68","Publish Release (id=10)"
"4298","282.200505200","::1","::1","MQTT","68","Publish Complete (id=10)"
"4316","284.201588700","::1","::1","MQTT","222","Publish Message (id=11) [fabrica/maquina01/temperatura]"
"4318","284.201669200","::1","::1","MQTT","68","Publish Received (id=11)"
"4322","284.201954100","::1","::1","MQTT","68","Publish Release (id=11)"
"4324","284.202029500","::1","::1","MQTT","68","Publish Complete (id=11)"
"4331","286.203095600","::1","::1","MQTT","222","Publish Message (id=12) [fabrica/maquina01/temperatura]"
"4333","286.203180600","::1","::1","MQTT","68","Publish Received (id=12)"
"4337","286.203453900","::1","::1","MQTT","68","Publish Release (id=12)"
"4339","286.203538100","::1","::1","MQTT","68","Publish Complete (id=12)"
"4344","288.204840800","::1","::1","MQTT","221","Publish Message (id=13) [fabrica/maquina01/temperatura]"
"4346","288.204927000","::1","::1","MQTT","68","Publish Received (id=13)"
"4350","288.205184000","::1","::1","MQTT","68","Publish Release (id=13)"
"4352","288.205276100","::1","::1","MQTT","68","Publish Complete (id=13)"
"4397","290.206326300","::1","::1","MQTT","222","Publish Message (id=14) [fabrica/maquina01/temperatura]"
"4399","290.206409300","::1","::1","MQTT","68","Publish Received (id=14)"
"4403","290.206558600","::1","::1","MQTT","68","Publish Release (id=14)"
"4405","290.206610400","::1","::1","MQTT","68","Publish Complete (id=14)"
"4416","292.207880700","::1","::1","MQTT","222","Publish Message (id=15) [fabrica/maquina01/temperatura]"
"4418","292.207982500","::1","::1","MQTT","68","Publish Received (id=15)"
"4422","292.208189200","::1","::1","MQTT","68","Publish Release (id=15)"
"4424","292.208248700","::1","::1","MQTT","68","Publish Complete (id=15)"
"4431","294.210147000","::1","::1","MQTT","222","Publish Message (id=16) [fabrica/maquina01/temperatura]"
"4433","294.210226700","::1","::1","MQTT","68","Publish Received (id=16)"
"4437","294.210469300","::1","::1","MQTT","68","Publish Release (id=16)"
"4439","294.210528100","::1","::1","MQTT","68","Publish Complete (id=16)"
"4446","296.211880600","::1","::1","MQTT","221","Publish Message (id=17) [fabrica/maquina01/temperatura]"
"4448","296.211978400","::1","::1","MQTT","68","Publish Received (id=17)"
"4452","296.212261600","::1","::1","MQTT","68","Publish Release (id=17)"
"4454","296.212349100","::1","::1","MQTT","68","Publish Complete (id=17)"
"4459","298.213366600","::1","::1","MQTT","222","Publish Message (id=18) [fabrica/maquina01/temperatura]"
"4461","298.213443100","::1","::1","MQTT","68","Publish Received (id=18)"
"4465","298.213610300","::1","::1","MQTT","68","Publish Release (id=18)"
"4467","298.213682000","::1","::1","MQTT","68","Publish Complete (id=18)"
"4483","300.215248800","::1","::1","MQTT","222","Publish Message (id=19) [fabrica/maquina01/temperatura]"
"4485","300.215340200","::1","::1","MQTT","68","Publish Received (id=19)"
"4489","300.215547700","::1","::1","MQTT","68","Publish Release (id=19)"
"4491","300.215626900","::1","::1","MQTT","68","Publish Complete (id=19)"
"4519","302.217225800","::1","::1","MQTT","222","Publish Message (id=20) [fabrica/maquina01/temperatura]"
"4521","302.217362800","::1","::1","MQTT","68","Publish Received (id=20)"
"4525","302.217573000","::1","::1","MQTT","68","Publish Release (id=20)"
"4527","302.217631700","::1","::1","MQTT","68","Publish Complete (id=20)"
"4544","304.219838200","::1","::1","MQTT","222","Publish Message (id=21) [fabrica/maquina01/temperatura]"
"4546","304.219916400","::1","::1","MQTT","68","Publish Received (id=21)"
"4550","304.220048800","::1","::1","MQTT","68","Publish Release (id=21)"
"4552","304.220096900","::1","::1","MQTT","68","Publish Complete (id=21)"
"4556","306.221547100","::1","::1","MQTT","222","Publish Message (id=22) [fabrica/maquina01/temperatura]"
"4558","306.221642600","::1","::1","MQTT","68","Publish Received (id=22)"
"4562","306.221810600","::1","::1","MQTT","68","Publish Release (id=22)"
"4564","306.221855900","::1","::1","MQTT","68","Publish Complete (id=22)"
"4570","308.222798000","::1","::1","MQTT","221","Publish Message (id=23) [fabrica/maquina01/temperatura]"
"4572","308.222894500","::1","::1","MQTT","68","Publish Received (id=23)"
"4576","308.223075400","::1","::1","MQTT","68","Publish Release (id=23)"
"4578","308.223136400","::1","::1","MQTT","68","Publish Complete (id=23)"
"4584","310.224211400","::1","::1","MQTT","222","Publish Message (id=24) [fabrica/maquina01/temperatura]"
"4586","310.224303700","::1","::1","MQTT","68","Publish Received (id=24)"
"4590","310.224481600","::1","::1","MQTT","68","Publish Release (id=24)"
"4592","310.224533100","::1","::1","MQTT","68","Publish Complete (id=24)"
"4610","312.225897600","::1","::1","MQTT","222","Publish Message (id=25) [fabrica/maquina01/temperatura]"
"4612","312.225971900","::1","::1","MQTT","68","Publish Received (id=25)"
"4616","312.226143300","::1","::1","MQTT","68","Publish Release (id=25)"
"4618","312.226182800","::1","::1","MQTT","68","Publish Complete (id=25)"
"4631","314.227383800","::1","::1","MQTT","222","Publish Message (id=26) [fabrica/maquina01/temperatura]"
"4633","314.227467100","::1","::1","MQTT","68","Publish Received (id=26)"
"4637","314.227633600","::1","::1","MQTT","68","Publish Release (id=26)"
"4639","314.227691700","::1","::1","MQTT","68","Publish Complete (id=26)"
"4662","316.228678700","::1","::1","MQTT","222","Publish Message (id=27) [fabrica/maquina01/temperatura]"
"4664","316.228762000","::1","::1","MQTT","68","Publish Received (id=27)"
"4668","316.228912600","::1","::1","MQTT","68","Publish Release (id=27)"
"4670","316.228975800","::1","::1","MQTT","68","Publish Complete (id=27)"
"4676","318.231081500","::1","::1","MQTT","222","Publish Message (id=28) [fabrica/maquina01/temperatura]"
"4678","318.231165100","::1","::1","MQTT","68","Publish Received (id=28)"
"4682","318.231359100","::1","::1","MQTT","68","Publish Release (id=28)"
"4684","318.231419800","::1","::1","MQTT","68","Publish Complete (id=28)"
"4704","320.233749400","::1","::1","MQTT","222","Publish Message (id=29) [fabrica/maquina01/temperatura]"
"4706","320.233829000","::1","::1","MQTT","68","Publish Received (id=29)"
"4710","320.234061700","::1","::1","MQTT","68","Publish Release (id=29)"
"4712","320.234125900","::1","::1","MQTT","68","Publish Complete (id=29)"
"4734","322.235634400","::1","::1","MQTT","222","Publish Message (id=30) [fabrica/maquina01/temperatura]"
"4736","322.235729300","::1","::1","MQTT","68","Publish Received (id=30)"
"4740","322.236130500","::1","::1","MQTT","68","Publish Release (id=30)"
"4742","322.236193700","::1","::1","MQTT","68","Publish Complete (id=30)"
"4766","324.212808600","::1","::1","MQTT","101","Publish Message (id=31) [fabrica/maquina01/status]"
"4768","324.212896600","::1","::1","MQTT","68","Publish Ack (id=31)"
"4775","325.224431500","::1","::1","MQTT","66","Ping Request"
"4777","325.224514800","::1","::1","MQTT","66","Ping Response"
"4781","325.225073400","::1","::1","MQTT","66","Disconnect Req"
"6107","404.943258900","::1","::1","MQTT","127","Connect Command"
"6109","404.943334400","::1","::1","MQTT","68","Connect Ack"
"6116","404.947832100","::1","::1","MQTT","100","Publish Message (id=1) [fabrica/maquina01/status]"
"6118","404.947930500","::1","::1","MQTT","68","Publish Ack (id=1)"
"6122","404.949625700","::1","::1","MQTT","222","Publish Message (id=2) [fabrica/maquina01/temperatura]"
"6124","404.949718600","::1","::1","MQTT","68","Publish Received (id=2)"
"6128","404.949922500","::1","::1","MQTT","68","Publish Release (id=2)"
"6130","404.950003000","::1","::1","MQTT","68","Publish Complete (id=2)"
"6165","406.953546800","::1","::1","MQTT","222","Publish Message (id=3) [fabrica/maquina01/temperatura]"
"6167","406.953642900","::1","::1","MQTT","68","Publish Received (id=3)"
"6171","406.954019900","::1","::1","MQTT","68","Publish Release (id=3)"
"6173","406.954094900","::1","::1","MQTT","68","Publish Complete (id=3)"
"6184","408.958909300","::1","::1","MQTT","221","Publish Message (id=4) [fabrica/maquina01/temperatura]"
"6186","408.959055200","::1","::1","MQTT","68","Publish Received (id=4)"
"6190","408.959336800","::1","::1","MQTT","68","Publish Release (id=4)"
"6192","408.959440500","::1","::1","MQTT","68","Publish Complete (id=4)"
"6196","410.962777900","::1","::1","MQTT","221","Publish Message (id=5) [fabrica/maquina01/temperatura]"
"6198","410.962864800","::1","::1","MQTT","68","Publish Received (id=5)"
"6202","410.963150500","::1","::1","MQTT","68","Publish Release (id=5)"
"6204","410.963224600","::1","::1","MQTT","68","Publish Complete (id=5)"
"6208","412.973225600","::1","::1","MQTT","222","Publish Message (id=6) [fabrica/maquina01/temperatura]"
"6210","412.973324900","::1","::1","MQTT","68","Publish Received (id=6)"
"6214","412.973528900","::1","::1","MQTT","68","Publish Release (id=6)"
"6216","412.973594700","::1","::1","MQTT","68","Publish Complete (id=6)"
"6233","414.979021700","::1","::1","MQTT","221","Publish Message (id=7) [fabrica/maquina01/temperatura]"
"6235","414.979111600","::1","::1","MQTT","68","Publish Received (id=7)"
"6239","414.979426100","::1","::1","MQTT","68","Publish Release (id=7)"
"6241","414.979494400","::1","::1","MQTT","68","Publish Complete (id=7)"
"6247","416.989257200","::1","::1","MQTT","222","Publish Message (id=8) [fabrica/maquina01/temperatura]"
"6249","416.989349400","::1","::1","MQTT","68","Publish Received (id=8)"
"6253","416.989576200","::1","::1","MQTT","68","Publish Release (id=8)"
"6255","416.989649000","::1","::1","MQTT","68","Publish Complete (id=8)"
"6261","418.992088800","::1","::1","MQTT","222","Publish Message (id=9) [fabrica/maquina01/temperatura]"
"6263","418.992183600","::1","::1","MQTT","68","Publish Received (id=9)"
"6267","418.992382100","::1","::1","MQTT","68","Publish Release (id=9)"
"6269","418.992447000","::1","::1","MQTT","68","Publish Complete (id=9)"
"6275","420.993741700","::1","::1","MQTT","222","Publish Message (id=10) [fabrica/maquina01/temperatura]"
"6277","420.993845500","::1","::1","MQTT","68","Publish Received (id=10)"
"6281","420.994066700","::1","::1","MQTT","68","Publish Release (id=10)"
"6283","420.994167900","::1","::1","MQTT","68","Publish Complete (id=10)"
"6289","422.996172700","::1","::1","MQTT","222","Publish Message (id=11) [fabrica/maquina01/temperatura]"
"6291","422.996249100","::1","::1","MQTT","68","Publish Received (id=11)"
"6295","422.996414800","::1","::1","MQTT","68","Publish Release (id=11)"
"6297","422.996462500","::1","::1","MQTT","68","Publish Complete (id=11)"
"6301","424.997585200","::1","::1","MQTT","222","Publish Message (id=12) [fabrica/maquina01/temperatura]"
"6303","424.997674100","::1","::1","MQTT","68","Publish Received (id=12)"
"6307","424.997863800","::1","::1","MQTT","68","Publish Release (id=12)"
"6309","424.997958800","::1","::1","MQTT","68","Publish Complete (id=12)"
"6316","426.999325400","::1","::1","MQTT","222","Publish Message (id=13) [fabrica/maquina01/temperatura]"
"6318","426.999428700","::1","::1","MQTT","68","Publish Received (id=13)"
"6322","426.999863900","::1","::1","MQTT","68","Publish Release (id=13)"
"6324","426.999947900","::1","::1","MQTT","68","Publish Complete (id=13)"
"6328","429.003145000","::1","::1","MQTT","222","Publish Message (id=14) [fabrica/maquina01/temperatura]"
"6330","429.003240600","::1","::1","MQTT","68","Publish Received (id=14)"
"6334","429.003454500","::1","::1","MQTT","68","Publish Release (id=14)"
"6336","429.003516100","::1","::1","MQTT","68","Publish Complete (id=14)"
"6341","431.004952000","::1","::1","MQTT","222","Publish Message (id=15) [fabrica/maquina01/temperatura]"
"6343","431.005037000","::1","::1","MQTT","68","Publish Received (id=15)"
"6347","431.005194700","::1","::1","MQTT","68","Publish Release (id=15)"
"6349","431.005250300","::1","::1","MQTT","68","Publish Complete (id=15)"
"6368","433.006482400","::1","::1","MQTT","222","Publish Message (id=16) [fabrica/maquina01/temperatura]"
"6370","433.006616300","::1","::1","MQTT","68","Publish Received (id=16)"
"6374","433.006789400","::1","::1","MQTT","68","Publish Release (id=16)"
"6376","433.006841300","::1","::1","MQTT","68","Publish Complete (id=16)"
"6381","435.007980300","::1","::1","MQTT","222","Publish Message (id=17) [fabrica/maquina01/temperatura]"
"6383","435.008050000","::1","::1","MQTT","68","Publish Received (id=17)"
"6387","435.008205400","::1","::1","MQTT","68","Publish Release (id=17)"
"6389","435.008254000","::1","::1","MQTT","68","Publish Complete (id=17)"
"6395","435.500005300","::1","::1","MQTT","101","Publish Message (id=18) [fabrica/maquina01/status]"
"6397","435.500092700","::1","::1","MQTT","68","Publish Ack (id=18)"
"6402","436.504007500","::1","::1","MQTT","66","Disconnect Req"
