captura,frame,tempo_relativo_s,tipo,qos,topico,message_id
captura_qos.pcapng,3487,182.187688400,CONNECT,,,
captura_qos.pcapng,3492,182.188786300,CONNACK,,,
captura_qos.pcapng,3496,182.191535500,PUBLISH,1,fabrica/maquina01/status,1
captura_qos.pcapng,3498,182.191642900,PUBACK,,,1
captura_qos.pcapng,3502,182.192939200,PUBLISH,0,fabrica/maquina01/temperatura,
captura_qos.pcapng,3507,184.193932700,PUBLISH,0,fabrica/maquina01/temperatura,
captura_qos.pcapng,3513,186.195592400,PUBLISH,0,fabrica/maquina01/temperatura,
captura_qos.pcapng,3538,188.196972800,PUBLISH,0,fabrica/maquina01/temperatura,
captura_qos.pcapng,3548,190.198405100,PUBLISH,0,fabrica/maquina01/temperatura,
captura_qos.pcapng,3554,192.199672700,PUBLISH,0,fabrica/maquina01/temperatura,
captura_qos.pcapng,3575,194.200940200,PUBLISH,0,fabrica/maquina01/temperatura,
captura_qos.pcapng,3602,196.205591300,PUBLISH,0,fabrica/maquina01/temperatura,
captura_qos.pcapng,3608,198.208364800,PUBLISH,0,fabrica/maquina01/temperatura,
captura_qos.pcapng,3657,200.209490900,PUBLISH,0,fabrica/maquina01/temperatura,
captura_qos.pcapng,3680,202.210340500,PUBLISH,0,fabrica/maquina01/temperatura,
captura_qos.pcapng,3702,204.211449100,PUBLISH,0,fabrica/maquina01/temperatura,
captura_qos.pcapng,3707,206.212295800,PUBLISH,0,fabrica/maquina01/temperatura,
captura_qos.pcapng,3713,208.213401200,PUBLISH,0,fabrica/maquina01/temperatura,
captura_qos.pcapng,3734,210.214309700,PUBLISH,0,fabrica/maquina01/temperatura,
captura_qos.pcapng,3747,212.221456700,PUBLISH,0,fabrica/maquina01/temperatura,
captura_qos.pcapng,3769,214.231712500,PUBLISH,0,fabrica/maquina01/temperatura,
captura_qos.pcapng,3774,216.232939500,PUBLISH,0,fabrica/maquina01/temperatura,
captura_qos.pcapng,3806,218.233716800,PUBLISH,0,fabrica/maquina01/temperatura,
captura_qos.pcapng,3827,220.234525700,PUBLISH,0,fabrica/maquina01/temperatura,
captura_qos.pcapng,3855,222.235233100,PUBLISH,0,fabrica/maquina01/temperatura,
captura_qos.pcapng,3870,224.236275700,PUBLISH,0,fabrica/maquina01/temperatura,
captura_qos.pcapng,3894,226.237164500,PUBLISH,0,fabrica/maquina01/temperatura,
captura_qos.pcapng,3921,228.238266900,PUBLISH,0,fabrica/maquina01/temperatura,
captura_qos.pcapng,3951,230.240777000,PUBLISH,0,fabrica/maquina01/temperatura,
captura_qos.pcapng,3958,232.241882300,PUBLISH,0,fabrica/maquina01/temperatura,
captura_qos.pcapng,3991,234.244576600,PUBLISH,0,fabrica/maquina01/temperatura,
captura_qos.pcapng,3995,236.245904100,PUBLISH,0,fabrica/maquina01/temperatura,
captura_qos.pcapng,4000,238.247408400,PUBLISH,0,fabrica/maquina01/temperatura,
captura_qos.pcapng,4005,240.248365700,PUBLISH,0,fabrica/maquina01/temperatura,
captura_qos.pcapng,4012,242.250272600,PUBLISH,0,fabrica/maquina01/temperatura,
captura_qos.pcapng,4016,242.250494300,PINGREQ,,,
captura_qos.pcapng,4018,242.250544200,PINGRESP,,,
captura_qos.pcapng,4023,242.903897300,PUBLISH,1,fabrica/maquina01/status,33
captura_qos.pcapng,4025,242.903974000,PUBACK,,,33
captura_qos.pcapng,4031,243.915512100,DISCONNECT,,,
captura_qos.pcapng,4131,265.146152100,CONNECT,,,
captura_qos.pcapng,4133,265.146239600,CONNACK,,,
captura_qos.pcapng,4140,265.149129000,PUBLISH,1,fabrica/maquina01/status,1
captura_qos.pcapng,4142,265.149232800,PUBACK,,,1
captura_qos.pcapng,4146,265.149997800,PUBLISH,2,fabrica/maquina01/temperatura,2
captura_qos.pcapng,4148,265.150095100,PUBREC,,,2
captura_qos.pcapng,4152,265.150309200,PUBREL,,,2
captura_qos.pcapng,4154,265.162225200,PUBCOMP,,,2
captura_qos.pcapng,4176,267.163642400,PUBLISH,2,fabrica/maquina01/temperatura,3
captura_qos.pcapng,4178,267.163817800,PUBREC,,,3
captura_qos.pcapng,4182,267.164178100,PUBREL,,,3
captura_qos.pcapng,4184,267.164318900,PUBCOMP,,,3
captura_qos.pcapng,4191,269.424223800,PUBLISH,2,fabrica/maquina01/temperatura,4
captura_qos.pcapng,4193,269.424370200,PUBREC,,,4
captura_qos.pcapng,4197,269.424726600,PUBREL,,,4
captura_qos.pcapng,4199,269.424947900,PUBCOMP,,,4
captura_qos.pcapng,4222,271.428335200,PUBLISH,2,fabrica/maquina01/temperatura,5
captura_qos.pcapng,4224,271.428521200,PUBREC,,,5
captura_qos.pcapng,4228,271.428804500,PUBREL,,,5
captura_qos.pcapng,4230,271.428929200,PUBCOMP,,,5
captura_qos.pcapng,4235,274.190852400,PUBLISH,2,fabrica/maquina01/temperatura,6
captura_qos.pcapng,4237,274.190943000,PUBREC,,,6
captura_qos.pcapng,4241,274.191113400,PUBREL,,,6
captura_qos.pcapng,4243,274.191178500,PUBCOMP,,,6
captura_qos.pcapng,4247,276.192628000,PUBLISH,2,fabrica/maquina01/temperatura,7
captura_qos.pcapng,4249,276.192711100,PUBREC,,,7
captura_qos.pcapng,4253,276.192878500,PUBREL,,,7
captura_qos.pcapng,4255,276.192938700,PUBCOMP,,,7
captura_qos.pcapng,4262,278.195436200,PUBLISH,2,fabrica/maquina01/temperatura,8
captura_qos.pcapng,4264,278.195567200,PUBREC,,,8
captura_qos.pcapng,4268,278.195827800,PUBREL,,,8
captura_qos.pcapng,4270,278.195896800,PUBCOMP,,,8
captura_qos.pcapng,4275,280.197154300,PUBLISH,2,fabrica/maquina01/temperatura,9
captura_qos.pcapng,4277,280.197255400,PUBREC,,,9
captura_qos.pcapng,4281,280.197565400,PUBREL,,,9
captura_qos.pcapng,4283,280.197642100,PUBCOMP,,,9
captura_qos.pcapng,4290,282.199925600,PUBLISH,2,fabrica/maquina01/temperatura,10
captura_qos.pcapng,4292,282.200010900,PUBREC,,,10
captura_qos.pcapng,4296,282.200442700,PUBREL,,,10
captura_qos.pcapng,4298,282.200505200,PUBCOMP,,,10
captura_qos.pcapng,4316,284.201588700,PUBLISH,2,fabrica/maquina01/temperatura,11
captura_qos.pcapng,4318,284.201669200,PUBREC,,,11
captura_qos.pcapng,4322,284.201954100,PUBREL,,,11
captura_qos.pcapng,4324,284.202029500,PUBCOMP,,,11
captura_qos.pcapng,4331,286.203095600,PUBLISH,2,fabrica/maquina01/temperatura,12
captura_qos.pcapng,4333,286.203180600,PUBREC,,,12
captura_qos.pcapng,4337,286.203453900,PUBREL,,,12
captura_qos.pcapng,4339,286.203538100,PUBCOMP,,,12
captura_qos.pcapng,4344,288.204840800,PUBLISH,2,fabrica/maquina01/temperatura,13
captura_qos.pcapng,4346,288.204927000,PUBREC,,,13
captura_qos.pcapng,4350,288.205184000,PUBREL,,,13
captura_qos.pcapng,4352,288.205276100,PUBCOMP,,,13
captura_qos.pcapng,4397,290.206326300,PUBLISH,2,fabrica/maquina01/temperatura,14
captura_qos.pcapng,4399,290.206409300,PUBREC,,,14
captura_qos.pcapng,4403,290.206558600,PUBREL,,,14
captura_qos.pcapng,4405,290.206610400,PUBCOMP,,,14
captura_qos.pcapng,4416,292.207880700,PUBLISH,2,fabrica/maquina01/temperatura,15
captura_qos.pcapng,4418,292.207982500,PUBREC,,,15
captura_qos.pcapng,4422,292.208189200,PUBREL,,,15
captura_qos.pcapng,4424,292.208248700,PUBCOMP,,,15
captura_qos.pcapng,4431,294.210147000,PUBLISH,2,fabrica/maquina01/temperatura,16
captura_qos.pcapng,4433,294.210226700,PUBREC,,,16
captura_qos.pcapng,4437,294.210469300,PUBREL,,,16
captura_qos.pcapng,4439,294.210528100,PUBCOMP,,,16
captura_qos.pcapng,4446,296.211880600,PUBLISH,2,fabrica/maquina01/temperatura,17
captura_qos.pcapng,4448,296.211978400,PUBREC,,,17
captura_qos.pcapng,4452,296.212261600,PUBREL,,,17
captura_qos.pcapng,4454,296.212349100,PUBCOMP,,,17
captura_qos.pcapng,4459,298.213366600,PUBLISH,2,fabrica/maquina01/temperatura,18
captura_qos.pcapng,4461,298.213443100,PUBREC,,,18
captura_qos.pcapng,4465,298.213610300,PUBREL,,,18
captura_qos.pcapng,4467,298.213682000,PUBCOMP,,,18
captura_qos.pcapng,4483,300.215248800,PUBLISH,2,fabrica/maquina01/temperatura,19
captura_qos.pcapng,4485,300.215340200,PUBREC,,,19
captura_qos.pcapng,4489,300.215547700,PUBREL,,,19
captura_qos.pcapng,4491,300.215626900,PUBCOMP,,,19
captura_qos.pcapng,4519,302.217225800,PUBLISH,2,fabrica/maquina01/temperatura,20
captura_qos.pcapng,4521,302.217362800,PUBREC,,,20
captura_qos.pcapng,4525,302.217573000,PUBREL,,,20
captura_qos.pcapng,4527,302.217631700,PUBCOMP,,,20
captura_qos.pcapng,4544,304.219838200,PUBLISH,2,fabrica/maquina01/temperatura,21
captura_qos.pcapng,4546,304.219916400,PUBREC,,,21
captura_qos.pcapng,4550,304.220048800,PUBREL,,,21
captura_qos.pcapng,4552,304.220096900,PUBCOMP,,,21
captura_qos.pcapng,4556,306.221547100,PUBLISH,2,fabrica/maquina01/temperatura,22
captura_qos.pcapng,4558,306.221642600,PUBREC,,,22
captura_qos.pcapng,4562,306.221810600,PUBREL,,,22
captura_qos.pcapng,4564,306.221855900,PUBCOMP,,,22
captura_qos.pcapng,4570,308.222798000,PUBLISH,2,fabrica/maquina01/temperatura,23
captura_qos.pcapng,4572,308.222894500,PUBREC,,,23
captura_qos.pcapng,4576,308.223075400,PUBREL,,,23
captura_qos.pcapng,4578,308.223136400,PUBCOMP,,,23
captura_qos.pcapng,4584,310.224211400,PUBLISH,2,fabrica/maquina01/temperatura,24
captura_qos.pcapng,4586,310.224303700,PUBREC,,,24
captura_qos.pcapng,4590,310.224481600,PUBREL,,,24
captura_qos.pcapng,4592,310.224533100,PUBCOMP,,,24
captura_qos.pcapng,4610,312.225897600,PUBLISH,2,fabrica/maquina01/temperatura,25
captura_qos.pcapng,4612,312.225971900,PUBREC,,,25
captura_qos.pcapng,4616,312.226143300,PUBREL,,,25
captura_qos.pcapng,4618,312.226182800,PUBCOMP,,,25
captura_qos.pcapng,4631,314.227383800,PUBLISH,2,fabrica/maquina01/temperatura,26
captura_qos.pcapng,4633,314.227467100,PUBREC,,,26
captura_qos.pcapng,4637,314.227633600,PUBREL,,,26
captura_qos.pcapng,4639,314.227691700,PUBCOMP,,,26
captura_qos.pcapng,4662,316.228678700,PUBLISH,2,fabrica/maquina01/temperatura,27
captura_qos.pcapng,4664,316.228762000,PUBREC,,,27
captura_qos.pcapng,4668,316.228912600,PUBREL,,,27
captura_qos.pcapng,4670,316.228975800,PUBCOMP,,,27
captura_qos.pcapng,4676,318.231081500,PUBLISH,2,fabrica/maquina01/temperatura,28
captura_qos.pcapng,4678,318.231165100,PUBREC,,,28
captura_qos.pcapng,4682,318.231359100,PUBREL,,,28
captura_qos.pcapng,4684,318.231419800,PUBCOMP,,,28
captura_qos.pcapng,4704,320.233749400,PUBLISH,2,fabrica/maquina01/temperatura,29
captura_qos.pcapng,4706,320.233829000,PUBREC,,,29
captura_qos.pcapng,4710,320.234061700,PUBREL,,,29
captura_qos.pcapng,4712,320.234125900,PUBCOMP,,,29
captura_qos.pcapng,4734,322.235634400,PUBLISH,2,fabrica/maquina01/temperatura,30
captura_qos.pcapng,4736,322.235729300,PUBREC,,,30
captura_qos.pcapng,4740,322.236130500,PUBREL,,,30
captura_qos.pcapng,4742,322.236193700,PUBCOMP,,,30
captura_qos.pcapng,4766,324.212808600,PUBLISH,1,fabrica/maquina01/status,31
captura_qos.pcapng,4768,324.212896600,PUBACK,,,31
captura_qos.pcapng,4775,325.224431500,PINGREQ,,,
captura_qos.pcapng,4777,325.224514800,PINGRESP,,,
captura_qos.pcapng,4781,325.225073400,DISCONNECT,,,
captura_qos.pcapng,6107,404.943258900,CONNECT,,,
captura_qos.pcapng,6109,404.943334400,CONNACK,,,
captura_qos.pcapng,6116,404.947832100,PUBLISH,1,fabrica/maquina01/status,1
captura_qos.pcapng,6118,404.947930500,PUBACK,,,1
captura_qos.pcapng,6122,404.949625700,PUBLISH,2,fabrica/maquina01/temperatura,2
captura_qos.pcapng,6124,404.949718600,PUBREC,,,2
captura_qos.pcapng,6128,404.949922500,PUBREL,,,2
captura_qos.pcapng,6130,404.950003000,PUBCOMP,,,2
captura_qos.pcapng,6165,406.953546800,PUBLISH,2,fabrica/maquina01/temperatura,3
captura_qos.pcapng,6167,406.953642900,PUBREC,,,3
captura_qos.pcapng,6171,406.954019900,PUBREL,,,3
captura_qos.pcapng,6173,406.954094900,PUBCOMP,,,3
captura_qos.pcapng,6184,408.958909300,PUBLISH,2,fabrica/maquina01/temperatura,4
captura_qos.pcapng,6186,408.959055200,PUBREC,,,4
captura_qos.pcapng,6190,408.959336800,PUBREL,,,4
captura_qos.pcapng,6192,408.959440500,PUBCOMP,,,4
captura_qos.pcapng,6196,410.962777900,PUBLISH,2,fabrica/maquina01/temperatura,5
captura_qos.pcapng,6198,410.962864800,PUBREC,,,5
captura_qos.pcapng,6202,410.963150500,PUBREL,,,5
captura_qos.pcapng,6204,410.963224600,PUBCOMP,,,5
captura_qos.pcapng,6208,412.973225600,PUBLISH,2,fabrica/maquina01/temperatura,6
captura_qos.pcapng,6210,412.973324900,PUBREC,,,6
captura_qos.pcapng,6214,412.973528900,PUBREL,,,6
captura_qos.pcapng,6216,412.973594700,PUBCOMP,,,6
captura_qos.pcapng,6233,414.979021700,PUBLISH,2,fabrica/maquina01/temperatura,7
captura_qos.pcapng,6235,414.979111600,PUBREC,,,7
captura_qos.pcapng,6239,414.979426100,PUBREL,,,7
captura_qos.pcapng,6241,414.979494400,PUBCOMP,,,7
captura_qos.pcapng,6247,416.989257200,PUBLISH,2,fabrica/maquina01/temperatura,8
captura_qos.pcapng,6249,416.989349400,PUBREC,,,8
captura_qos.pcapng,6253,416.989576200,PUBREL,,,8
captura_qos.pcapng,6255,416.989649000,PUBCOMP,,,8
captura_qos.pcapng,6261,418.992088800,PUBLISH,2,fabrica/maquina01/temperatura,9
captura_qos.pcapng,6263,418.992183600,PUBREC,,,9
captura_qos.pcapng,6267,418.992382100,PUBREL,,,9
captura_qos.pcapng,6269,418.992447000,PUBCOMP,,,9
captura_qos.pcapng,6275,420.993741700,PUBLISH,2,fabrica/maquina01/temperatura,10
captura_qos.pcapng,6277,420.993845500,PUBREC,,,10
captura_qos.pcapng,6281,420.994066700,PUBREL,,,10
captura_qos.pcapng,6283,420.994167900,PUBCOMP,,,10
captura_qos.pcapng,6289,422.996172700,PUBLISH,2,fabrica/maquina01/temperatura,11
captura_qos.pcapng,6291,422.996249100,PUBREC,,,11
captura_qos.pcapng,6295,422.996414800,PUBREL,,,11
captura_qos.pcapng,6297,422.996462500,PUBCOMP,,,11
captura_qos.pcapng,6301,424.997585200,PUBLISH,2,fabrica/maquina01/temperatura,12
captura_qos.pcapng,6303,424.997674100,PUBREC,,,12
captura_qos.pcapng,6307,424.997863800,PUBREL,,,12
captura_qos.pcapng,6309,424.997958800,PUBCOMP,,,12
captura_qos.pcapng,6316,426.999325400,PUBLISH,2,fabrica/maquina01/temperatura,13
captura_qos.pcapng,6318,426.999428700,PUBREC,,,13
captura_qos.pcapng,6322,426.999863900,PUBREL,,,13
captura_qos.pcapng,6324,426.999947900,PUBCOMP,,,13
captura_qos.pcapng,6328,429.003145000,PUBLISH,2,fabrica/maquina01/temperatura,14
captura_qos.pcapng,6330,429.003240600,PUBREC,,,14
captura_qos.pcapng,6334,429.003454500,PUBREL,,,14
captura_qos.pcapng,6336,429.003516100,PUBCOMP,,,14
captura_qos.pcapng,6341,431.004952000,PUBLISH,2,fabrica/maquina01/temperatura,15
captura_qos.pcapng,6343,431.005037000,PUBREC,,,15
captura_qos.pcapng,6347,431.005194700,PUBREL,,,15
captura_qos.pcapng,6349,431.005250300,PUBCOMP,,,15
captura_qos.pcapng,6368,433.006482400,PUBLISH,2,fabrica/maquina01/temperatura,16
captura_qos.pcapng,6370,433.006616300,PUBREC,,,16
captura_qos.pcapng,6374,433.006789400,PUBREL,,,16
captura_qos.pcapng,6376,433.006841300,PUBCOMP,,,16
captura_qos.pcapng,6381,435.007980300,PUBLISH,2,fabrica/maquina01/temperatura,17
captura_qos.pcapng,6383,435.008050000,PUBREC,,,17
captura_qos.pcapng,6387,435.008205400,PUBREL,,,17
captura_qos.pcapng,6389,435.008254000,PUBCOMP,,,17
captura_qos.pcapng,6395,435.500005300,PUBLISH,1,fabrica/maquina01/status,18
captura_qos.pcapng,6397,435.500092700,PUBACK,,,18
captura_qos.pcapng,6402,436.504007500,DISCONNECT,,,
