timestamp,sensor_id,evento,reason_code,detalhe
2026-08-25 17:03:28,sensor_temp_01,connect,Success,
2026-08-25 17:48:23,sensor_temp_01,connect,Success,
2026-08-25 17:57:11,sensor_temp_01,connect,Success,
2026-08-25 17:58:41,sensor_temp_01,connect,Success,
2026-08-25 22:22:57,sensor_temp_01,connect,Success,
2026-08-25 22:30:13,sensor_temp_01,connect,Success,
2026-08-25 22:30:24,sensor_temp_01,disconnect,Unspecified error,desconexao_inesperada
2026-08-25 22:30:25,sensor_temp_01,connect,Success,
2026-08-25 22:30:26,sensor_temp_01,disconnect,Unspecified error,desconexao_inesperada
2026-08-25 22:30:27,sensor_temp_01,connect,Success,
2026-08-25 22:30:28,sensor_temp_01,disconnect,Unspecified error,desconexao_inesperada
2026-08-25 22:30:29,sensor_temp_01,connect,Success,
2026-08-25 22:30:30,sensor_temp_01,disconnect,Unspecified error,desconexao_inesperada
2026-08-25 22:30:31,sensor_temp_01,connect,Success,
2026-08-25 22:30:32,sensor_temp_01,disconnect,Unspecified error,desconexao_inesperada
2026-08-25 22:33:02,sensor_temp_01,connect,Success,
2026-08-25 22:33:10,sensor_temp_01,disconnect,Normal disconnection,desconexao_limpa
2026-08-25 23:24:53,sensor_temp_01,connect,Success,
2026-08-25 23:24:57,sensor_temp_01,disconnect,Unspecified error,desconexao_inesperada
2026-08-25 23:24:58,sensor_temp_01,connect,Success,
2026-08-25 23:25:00,sensor_temp_01,disconnect,Unspecified error,desconexao_inesperada
2026-08-25 23:25:01,sensor_temp_01,connect,Success,
2026-08-25 23:25:02,sensor_temp_01,disconnect,Unspecified error,desconexao_inesperada
2026-08-25 23:25:03,sensor_temp_01,connect,Success,
2026-08-25 23:25:04,sensor_temp_01,disconnect,Unspecified error,desconexao_inesperada
2026-08-25 23:25:05,sensor_temp_01,connect,Success,
2026-08-25 23:25:06,sensor_temp_01,disconnect,Unspecified error,desconexao_inesperada
2026-08-25 23:25:07,sensor_temp_01,connect,Success,
2026-08-25 23:25:08,sensor_temp_01,disconnect,Unspecified error,desconexao_inesperada
2026-08-26 13:21:01,sensor_temp_01,connect,Success,
2026-08-26 13:21:18,sensor_temp_01,disconnect,Normal disconnection,desconexao_limpa
2026-08-26 13:21:55,sensor_temp_01,connect,Success,
2026-08-26 13:22:27,sensor_temp_01,disconnect,Normal disconnection,desconexao_limpa
2026-08-26 13:23:37,sensor_temp_01,connect,Success,
2026-08-26 13:24:09,sensor_temp_01,disconnect,Normal disconnection,desconexao_limpa
