timestamp_recebido,sensor_id,tipo,valor,unidade,topico
2026-08-21T14:25:42,sensor_temp_01,temperatura,50.51,C,fabrica/maquina01/temperatura
2026-08-21T14:25:43,sensor_temp_02,temperatura,64.85,C,fabrica/maquina02/temperatura
2026-08-21T14:25:44,sensor_vib_03,vibracao,14.7,Hz,fabrica/maquina03/vibracao
2026-08-21T14:25:44,sensor_press_04,pressao,113.01,PSI,fabrica/maquina04/pressao
2026-08-21T14:25:44,sensor_temp_01,temperatura,50.78,C,fabrica/maquina01/temperatura
2026-08-21T14:25:45,sensor_temp_02,temperatura,60.13,C,fabrica/maquina02/temperatura
2026-08-21T14:25:46,sensor_vib_03,vibracao,15.54,Hz,fabrica/maquina03/vibracao
2026-08-21T14:25:46,sensor_press_04,pressao,127.05,PSI,fabrica/maquina04/pressao
2026-08-21T14:25:46,sensor_temp_01,temperatura,54.13,C,fabrica/maquina01/temperatura
2026-08-21T14:25:47,sensor_temp_02,temperatura,54.9,C,fabrica/maquina02/temperatura
2026-08-21T14:25:48,sensor_vib_03,vibracao,15.27,Hz,fabrica/maquina03/vibracao
2026-08-21T14:25:48,sensor_press_04,pressao,133.05,PSI,fabrica/maquina04/pressao
2026-08-21T14:25:48,sensor_temp_01,temperatura,58.75,C,fabrica/maquina01/temperatura
2026-08-21T14:25:49,sensor_temp_02,temperatura,50.58,C,fabrica/maquina02/temperatura
2026-08-21T14:25:50,sensor_vib_03,vibracao,14.73,Hz,fabrica/maquina03/vibracao
2026-08-21T14:25:50,sensor_press_04,pressao,141.02,PSI,fabrica/maquina04/pressao
2026-08-21T14:25:50,sensor_temp_01,temperatura,63.89,C,fabrica/maquina01/temperatura
2026-08-21T14:25:51,sensor_temp_02,temperatura,49.59,C,fabrica/maquina02/temperatura
2026-08-21T14:25:52,sensor_vib_03,vibracao,13.36,Hz,fabrica/maquina03/vibracao
2026-08-21T14:25:52,sensor_press_04,pressao,140.66,PSI,fabrica/maquina04/pressao
2026-08-21T14:25:52,sensor_temp_01,temperatura,69.62,C,fabrica/maquina01/temperatura
2026-08-21T14:25:53,sensor_temp_02,temperatura,50.94,C,fabrica/maquina02/temperatura
2026-08-21T14:25:54,sensor_vib_03,vibracao,11.38,Hz,fabrica/maquina03/vibracao
2026-08-21T14:25:54,sensor_press_04,pressao,138.01,PSI,fabrica/maquina04/pressao
2026-08-21T14:25:54,sensor_temp_01,temperatura,75.2,C,fabrica/maquina01/temperatura
2026-08-21T14:25:55,sensor_temp_02,temperatura,53.24,C,fabrica/maquina02/temperatura
2026-08-21T14:25:56,sensor_vib_03,vibracao,9.26,Hz,fabrica/maquina03/vibracao
2026-08-21T14:25:56,sensor_press_04,pressao,131.23,PSI,fabrica/maquina04/pressao
2026-08-21T14:25:56,sensor_temp_01,temperatura,81.8,C,fabrica/maquina01/temperatura
2026-08-21T14:25:57,sensor_temp_02,temperatura,57.8,C,fabrica/maquina02/temperatura
2026-08-21T14:25:58,sensor_vib_03,vibracao,6.05,Hz,fabrica/maquina03/vibracao
2026-08-21T14:25:58,sensor_press_04,pressao,120.5,PSI,fabrica/maquina04/pressao
2026-08-21T14:25:58,sensor_temp_01,temperatura,87.2,C,fabrica/maquina01/temperatura
2026-08-21T14:25:59,sensor_temp_02,temperatura,62.55,C,fabrica/maquina02/temperatura
2026-08-21T14:26:00,sensor_vib_03,vibracao,3.21,Hz,fabrica/maquina03/vibracao
2026-08-21T14:26:00,sensor_press_04,pressao,110.6,PSI,fabrica/maquina04/pressao
2026-08-21T14:26:00,sensor_temp_01,temperatura,88.41,C,fabrica/maquina01/temperatura
2026-08-21T14:26:01,sensor_temp_02,temperatura,67.98,C,fabrica/maquina02/temperatura
2026-08-21T14:26:02,sensor_vib_03,vibracao,1.87,Hz,fabrica/maquina03/vibracao
2026-08-21T14:26:02,sensor_press_04,pressao,96.14,PSI,fabrica/maquina04/pressao
2026-08-21T14:26:02,sensor_temp_01,temperatura,89.73,C,fabrica/maquina01/temperatura
2026-08-21T14:26:03,sensor_temp_02,temperatura,74.42,C,fabrica/maquina02/temperatura
2026-08-21T14:26:04,sensor_vib_03,vibracao,0.7,Hz,fabrica/maquina03/vibracao
2026-08-21T14:26:04,sensor_press_04,pressao,87.31,PSI,fabrica/maquina04/pressao
2026-08-21T14:26:04,sensor_temp_01,temperatura,89.42,C,fabrica/maquina01/temperatura
2026-08-21T14:26:05,sensor_temp_02,temperatura,79.7,C,fabrica/maquina02/temperatura
2026-08-21T14:26:06,sensor_vib_03,vibracao,0.64,Hz,fabrica/maquina03/vibracao
2026-08-21T14:26:06,sensor_press_04,pressao,74.84,PSI,fabrica/maquina04/pressao
2026-08-21T14:26:06,sensor_temp_01,temperatura,87.44,C,fabrica/maquina01/temperatura
2026-08-21T14:26:07,sensor_temp_02,temperatura,86.63,C,fabrica/maquina02/temperatura
2026-08-21T14:26:08,sensor_vib_03,vibracao,0.0,Hz,fabrica/maquina03/vibracao
2026-08-21T14:26:08,sensor_press_04,pressao,68.76,PSI,fabrica/maquina04/pressao
2026-08-21T14:26:08,sensor_temp_01,temperatura,81.38,C,fabrica/maquina01/temperatura
2026-08-21T14:26:09,sensor_temp_02,temperatura,89.43,C,fabrica/maquina02/temperatura
2026-08-21T14:26:10,sensor_vib_03,vibracao,0.6,Hz,fabrica/maquina03/vibracao
2026-08-21T14:26:10,sensor_press_04,pressao,58.51,PSI,fabrica/maquina04/pressao
2026-08-21T14:26:10,sensor_temp_01,temperatura,76.99,C,fabrica/maquina01/temperatura
2026-08-21T14:26:11,sensor_temp_02,temperatura,89.09,C,fabrica/maquina02/temperatura
2026-08-21T14:26:12,sensor_vib_03,vibracao,2.77,Hz,fabrica/maquina03/vibracao
2026-08-21T14:26:12,sensor_press_04,pressao,57.61,PSI,fabrica/maquina04/pressao
2026-08-21T14:26:12,sensor_temp_01,temperatura,70.91,C,fabrica/maquina01/temperatura
2026-08-21T14:26:13,sensor_temp_02,temperatura,88.79,C,fabrica/maquina02/temperatura
2026-08-21T14:26:14,sensor_vib_03,vibracao,5.57,Hz,fabrica/maquina03/vibracao
2026-08-21T14:26:14,sensor_press_04,pressao,64.81,PSI,fabrica/maquina04/pressao
2026-08-21T14:26:14,sensor_temp_01,temperatura,63.27,C,fabrica/maquina01/temperatura
2026-08-21T14:26:15,sensor_temp_02,temperatura,87.91,C,fabrica/maquina02/temperatura
2026-08-21T14:26:16,sensor_vib_03,vibracao,8.1,Hz,fabrica/maquina03/vibracao
2026-08-21T14:26:16,sensor_press_04,pressao,68.01,PSI,fabrica/maquina04/pressao
2026-08-21T14:26:16,sensor_temp_01,temperatura,58.25,C,fabrica/maquina01/temperatura
2026-08-21T14:26:17,sensor_temp_02,temperatura,82.2,C,fabrica/maquina02/temperatura
2026-08-21T14:26:18,sensor_vib_03,vibracao,9.15,Hz,fabrica/maquina03/vibracao
2026-08-21T14:26:18,sensor_press_04,pressao,80.23,PSI,fabrica/maquina04/pressao
2026-08-21T14:26:18,sensor_temp_01,temperatura,54.26,C,fabrica/maquina01/temperatura
2026-08-21T14:26:19,sensor_temp_02,temperatura,78.05,C,fabrica/maquina02/temperatura
2026-08-21T14:26:20,sensor_vib_03,vibracao,11.92,Hz,fabrica/maquina03/vibracao
2026-08-21T14:26:20,sensor_press_04,pressao,90.71,PSI,fabrica/maquina04/pressao
2026-08-21T14:26:20,sensor_temp_01,temperatura,51.93,C,fabrica/maquina01/temperatura
2026-08-21T14:26:21,sensor_temp_02,temperatura,71.48,C,fabrica/maquina02/temperatura
2026-08-21T14:26:22,sensor_vib_03,vibracao,14.3,Hz,fabrica/maquina03/vibracao
2026-08-21T14:26:22,sensor_press_04,pressao,105.09,PSI,fabrica/maquina04/pressao
2026-08-21T14:26:22,sensor_temp_01,temperatura,49.89,C,fabrica/maquina01/temperatura
2026-08-21T14:26:23,sensor_temp_02,temperatura,65.33,C,fabrica/maquina02/temperatura
2026-08-21T14:26:24,sensor_vib_03,vibracao,15.9,Hz,fabrica/maquina03/vibracao
2026-08-21T14:26:24,sensor_press_04,pressao,112.21,PSI,fabrica/maquina04/pressao
2026-08-21T14:26:24,sensor_temp_01,temperatura,49.91,C,fabrica/maquina01/temperatura
2026-08-21T14:26:25,sensor_temp_02,temperatura,59.79,C,fabrica/maquina02/temperatura
2026-08-21T14:26:26,sensor_vib_03,vibracao,15.48,Hz,fabrica/maquina03/vibracao
2026-08-21T14:26:26,sensor_press_04,pressao,126.3,PSI,fabrica/maquina04/pressao
2026-08-21T14:26:26,sensor_temp_01,temperatura,52.11,C,fabrica/maquina01/temperatura
2026-08-21T14:26:27,sensor_temp_02,temperatura,52.84,C,fabrica/maquina02/temperatura
2026-08-21T14:26:28,sensor_vib_03,vibracao,15.67,Hz,fabrica/maquina03/vibracao
2026-08-21T14:26:28,sensor_press_04,pressao,134.43,PSI,fabrica/maquina04/pressao
2026-08-21T14:26:28,sensor_temp_01,temperatura,56.94,C,fabrica/maquina01/temperatura
2026-08-21T14:26:29,sensor_temp_02,temperatura,52.18,C,fabrica/maquina02/temperatura
2026-08-21T14:26:30,sensor_vib_03,vibracao,14.75,Hz,fabrica/maquina03/vibracao
2026-08-21T14:26:30,sensor_press_04,pressao,140.51,PSI,fabrica/maquina04/pressao
2026-08-21T14:26:30,sensor_temp_01,temperatura,62.29,C,fabrica/maquina01/temperatura
2026-08-21T14:26:31,sensor_temp_02,temperatura,49.8,C,fabrica/maquina02/temperatura
2026-08-21T14:26:32,sensor_vib_03,vibracao,13.55,Hz,fabrica/maquina03/vibracao
2026-08-21T14:26:32,sensor_press_04,pressao,140.72,PSI,fabrica/maquina04/pressao
2026-08-21T14:26:32,sensor_temp_01,temperatura,70.1,C,fabrica/maquina01/temperatura
2026-08-21T14:26:33,sensor_temp_02,temperatura,50.72,C,fabrica/maquina02/temperatura
2026-08-21T14:26:34,sensor_vib_03,vibracao,10.8,Hz,fabrica/maquina03/vibracao
2026-08-21T14:26:34,sensor_press_04,pressao,134.35,PSI,fabrica/maquina04/pressao
2026-08-21T14:26:34,sensor_temp_01,temperatura,75.87,C,fabrica/maquina01/temperatura
2026-08-21T14:26:35,sensor_temp_02,temperatura,54.27,C,fabrica/maquina02/temperatura
2026-08-21T14:26:36,sensor_vib_03,vibracao,9.16,Hz,fabrica/maquina03/vibracao
2026-08-21T14:26:36,sensor_press_04,pressao,130.5,PSI,fabrica/maquina04/pressao
2026-08-21T14:26:36,sensor_temp_01,temperatura,80.15,C,fabrica/maquina01/temperatura
2026-08-21T14:26:37,sensor_temp_02,temperatura,56.6,C,fabrica/maquina02/temperatura
2026-08-21T14:26:38,sensor_vib_03,vibracao,5.42,Hz,fabrica/maquina03/vibracao
2026-08-21T14:26:38,sensor_press_04,pressao,123.87,PSI,fabrica/maquina04/pressao
2026-08-21T14:26:38,sensor_temp_01,temperatura,86.66,C,fabrica/maquina01/temperatura
2026-08-21T14:26:39,sensor_temp_02,temperatura,63.99,C,fabrica/maquina02/temperatura
2026-08-21T14:26:40,sensor_vib_03,vibracao,3.13,Hz,fabrica/maquina03/vibracao
2026-08-21T14:26:40,sensor_press_04,pressao,111.78,PSI,fabrica/maquina04/pressao
2026-08-21T14:26:40,sensor_temp_01,temperatura,88.63,C,fabrica/maquina01/temperatura
2026-08-21T14:26:41,sensor_temp_02,temperatura,69.92,C,fabrica/maquina02/temperatura
2026-08-21T14:26:42,sensor_vib_03,vibracao,2.15,Hz,fabrica/maquina03/vibracao
2026-08-21T14:26:42,sensor_press_04,pressao,97.14,PSI,fabrica/maquina04/pressao
2026-08-21T14:26:42,sensor_temp_01,temperatura,88.76,C,fabrica/maquina01/temperatura
2026-08-21T14:26:43,sensor_temp_02,temperatura,75.96,C,fabrica/maquina02/temperatura
